id,title,source_url,date_checked,steps_words,writer,reviewer,review_status
PRO-01,"Psychologist, psychiatrist aur counsellor me farq",https://www.healthcareers.nhs.uk/explore-roles/psychological-therapies/differences-between-psychology-psychiatry-and-psychotherapy,3 Oct 2026,200,Amir Khan,Maria,pending
PRO-02,Therapy ya counselling kaisi hoti hai,https://lambethtalkingtherapies.nhs.uk/information-about-appointments/,3 Oct 2026,196,Amir Khan,Maria,pending
PRO-03,Therapist ya counsellor kaise dhoondein,https://taskeen.org/website_fd0b73f2/seek-help/,3 Oct 2026,171,Amir Khan,Maria,pending
PRO-04,Kharcha aur free ya sasti madad,https://taskeen.org/website_fd0b73f2/seek-help/,3 Oct 2026,174,Amir Khan,Maria,pending
PRO-05,Online ya phone par madad,https://www.nimh.nih.gov/health/publications/what-is-telemental-health,3 Oct 2026,169,Amir Khan,Maria,pending
PRO-06,'Log kya kahenge' ka dar aur stigma,https://www.who.int/europe/news/item/26-06-2024-the-overwhelming-case-for-ending-stigma-and-discrimination-in-mental-health,3 Oct 2026,190,Amir Khan,Maria,pending
PRO-07,Ghar walon se baat kaise shuru karein,https://www.nhs.uk/every-mind-matters/mental-wellbeing-tips/how-to-talk-about-your-mental-health/,3 Oct 2026,213,Amir Khan,Maria,pending
PRO-08,Doosre shehar ya gaon me madad kaise milti hai,https://rozan.org/counseling-services/,3 Oct 2026,168,Amir Khan,Maria,pending
PRO-09,"Pakistan ki mental health helplines: Umang, Rozan, Taskeen",https://www.umang.com.pk/contact-us/,3 Oct 2026,180,Amir Khan,Maria,pending
PRO-10,Emergency numbers: Rescue 1122 aur Police 15,https://www.rescue.gov.pk/,3 Oct 2026,180,Amir Khan,Maria,pending
